Name,Price
1 Bed 1 Bath - Apartment,"$1,850"
Studio 1 Bath Apartment,"$1,595"
1 Bed 1.5 Baths - House,"$1,275"
Studio 1 Bath - Apartment,"$1,595"
1 habitación 1 baño - Apartamento,"$1,500"
Private Room For Rent,"$1,250"
Studio 1 Bath Apartment,"$1,295"
Private room for rent,"$1,254"
1 Bed 1 Bath - Apartment,"$3,400"
1 Bed 1 Bath - Apartment,"$1,795"
1 Bed 1 Bath - Apartment,"$2,400"
2 Beds 1 Bath Apartment,"$1,295"
Private Room For Rent,"Rp1,095"
1 Bed 1 Bath - House,$990
Private room for rent,"$1,350"
Private room for rent,$900
Studio 1 Bath Apartment,"$2,700"
2 Beds 1 Bath - Apartment,"$1,610"
1 Bed 1.5 Baths Apartment,"$1,200"
1 Bed 1 Bath Apartment,"$2,950"
1 Bed 1 Bath - Apartment,"$1,300"
3 Beds 1 Bath - Apartment,"$1,250"
4 Beds 1 Bath - Apartment,$850
Studio 1 Bath Apartment/condo,"$2,200"
1 Bed 1 Bath Apartment,"$2,050"
1 Bed 1 Bath - Apartment,"$3,000"
2 Beds 2 Baths Apartment,"$1,900"
Private room for rent,"$1,670"
1 Bed 1 Bath Apartment,"$1,400"
1 Bed 1 Bath Apartment,"$1,650"
Private room for rent,"$1,630"
2 Beds 1 Bath - House,$1
2 Beds 2 Baths Apartment/condo,$740
1 Bed 1 Bath - Apartment,"$1,400"
1 Bed 1 Bath - Apartment,"$1,800"
1 Bed 1 Bath - Apartment,"$2,295"
2 Beds 2.5 Baths - Apartment,"$5,000"
5 Beds 2 Baths House,"$1,095"
1 Bed 1 Bath - Apartment,"$3,000"
1 Bed 1 Bath - Apartment,"$1,500"
1 bed 1 bath Flat/apartment,"$1,400"
Studio 1 Bath - Apartment,"$2,470"
Studio 1 Bath - Apartment,"$2,250"
Studio 1 Bath - Apartment,"$1,580"
1 Bed 1 Bath - Apartment,"$3,000"
4 Beds 1 Bath Apartment,$895
1 Bed 1 Bath Apartment,"$2,650"
Studio 1 Bath - Apartment,"$2,050"
1 Bed 1 Bath - Apartment,"$1,400"
Private room for rent,"$1,400"
Studio 1 Bath - Apartment,"$1,750"
3 Beds 2 Baths House,"$1,400"
1 Bed 1 Bath - Apartment,"$2,142"
Studio 1 Bath - Apartment,"$1,825"
1 Bed 1 Bath Apartment,"$2,450"
Private Room For Rent,"$1,000"
1 Bed 1 Bath - Apartment,"$1,550"
1 Bed 1 Bath Apartment,"$3,700"
1 Bed 1 Bath - Apartment,"$1,900"
1 bed 1 bath Flat,"$2,650"
1 Bed 1 Bath - Apartment,"$2,700"
Private Room For Rent,$950
1 Bed 1 Bath Apartment,"$1,795"
4 Beds 2 Baths Apartment,"$1,680"
1 Bed 1 Bath Apartment,"$2,995"
4 Beds 1 Bath House,$955
Private room for rent,"$1,150"
Studio 1 Bath - Apartment,"$1,695"
1 Bed 1 Bath House,"$1,325"
1 Bed 1 Bath Apartment,"$2,295"
1 Bed 1 Bath - House,"$2,200"
8 Beds 3 Baths Apartment,"$1,095"
