Bedrooms,Bathrooms,Type of Space,Price
2 Room,1 Bath
2 Room,N/A
2 Room,1 Bath
2 Room,N/A
2 Room,2 Bath
2 Room,N/A
Studio,1 Bath
2 Room,N/A
2 Room,1 Bath
2 Room,N/A
1 Room,1 Bath
2 Room,N/A
1 Room,1 Bath
1 Room,N/A
2 Room,2 Bath
2 Room,N/A
1 Room,1 Bath
2 Room,N/A
1 Room,1 Bath
1 Room,N/A
1 Room,1 Bath
1 Room,N/A
Private,Share
1 Room,N/A
Studio,1 Bath
1 Room,N/A
1 Room,1 Bath
1 Room,N/A
Private,Share
1 Room,N/A
Studio,1 Bath
1 Room,N/A
Private,Private
1 Room,N/A
Studio,1 Bath
1 Room,N/A
1 Room,1 Bath
1 Room,N/A
Studio,1 Bath
1 Room,N/A
1 Room,1 Bath
1 Room,N/A
Studio,1 Bath
1 Room,N/A
1 Room,1 Bath
1 Room,N/A
Studio,1 Bath
1 Room,N/A
